{
    "particles": {
      "number": {
        "value": 15,
        "density": {
          "enable": true,
          "value_area": 100
        }
      },
      "color": {
        "value": "#000000"
      },
      "shape": {
        "type": "star",
        "stroke": {
          "width": 0,
          "color": "#000000"
        },
        "polygon": {
          "nb_sides": 5
        }
     
      },
      "opacity": {
        "value": 0.7,
        "random": true,
        "anim": {
          "enable": true,
          "speed": 1,
          "opacity_min": 0.5,
          "sync": true
        }
      },
      "size": {
        "value": 5,
        "random": true,
        "anim": {
          "enable": true,
          "speed": 60,
          "size_min": 0.5,
          "sync": false
        }
      },
      "line_linked": {
        "enable": false,
        "distance": 300,
        "color": "#ffffff",
        "opacity": 0.4,
        "width": 2
      },
      "move": {
        "enable": true,
        "speed": 5,
        "direction": "none",
        "random": false,
        "straight": false,
        "out_mode": "bounce",
        "bounce": true,
        "attract": {
          "enable": false,
          "rotateX": 700,
          "rotateY": 1200
        }
      }
    },
    "interactivity": {
      "detect_on": "canvas",
      "events": {
        "onhover": {
          "enable": true,
            "mode": ["grab", "bubble"]
        },
        "onclick": {
          "enable": true,
          "mode": "repulse"
        },
        "resize": false
      },
      "modes": {
        "grab": {
          "distance": 100,
          "line_linked": {
            "opacity": 0.7
          }
        },
        "bubble": {
          "distance": 100,
          "size": 10,
          "duration": 1,
          "opacity": 0.8,
          "speed": 3
        },
        "repulse": {
          "distance": 300,
          "duration": 0.4
        },
        "push": {
          "particles_nb": 4
        },
        "remove": {
          "particles_nb": 2
        }
      }
    },
    "retina_detect": true
  }